"","unique(enrichGO_result@compareClusterResult$Description)"
"1","cytoplasmic translation"
"2","cilium organization"
"3","non-membrane-bounded organelle assembly"
"4","cilium assembly"
"5","organelle fission"
"6","nuclear division"
"7","generation of precursor metabolites and energy"
"8","chromosome segregation"
"9","ribonucleoprotein complex biogenesis"
"10","regulation of mitotic cell cycle"
"11","mitotic nuclear division"
"12","mitotic cell cycle phase transition"
"13","nuclear chromosome segregation"
"14","microtubule-based movement"
"15","RNA splicing"
"16","sister chromatid segregation"
"17","regulation of translation"
"18","ATP metabolic process"
"19","regulation of cell cycle phase transition"
"20","chromatin organization"
"21","energy derivation by oxidation of organic compounds"
"22","regulation of peptidase activity"
"23","mitotic sister chromatid segregation"
"24","cell junction assembly"
"25","ribonucleoprotein complex assembly"
"26","ribonucleoprotein complex subunit organization"
"27","negative regulation of cell cycle"
"28","ribosome biogenesis"
"29","spindle organization"
"30","regulation of mitotic cell cycle phase transition"
"31","regulation of endopeptidase activity"
"32","regulation of supramolecular fiber organization"
"33","regulation of actin filament-based process"
"34","wound healing"
"35","positive regulation of cell cycle"
"36","RNA splicing, via transesterification reactions with bulged adenosine as nucleophile"
"37","mRNA splicing, via spliceosome"
"38","RNA splicing, via transesterification reactions"
"39","regulation of binding"
"40","actin filament organization"
"41","establishment of organelle localization"
"42","viral process"
"43","cellular component disassembly"
"44","nucleoside phosphate metabolic process"
"45","microtubule cytoskeleton organization involved in mitosis"
"46","cellular respiration"
"47","cell-substrate adhesion"
"48","myeloid cell differentiation"
"49","regulation of protein catabolic process"
"50","gland development"
"51","positive regulation of kinase activity"
"52","nucleotide metabolic process"
"53","aerobic respiration"
"54","negative regulation of organelle organization"
"55","regulation of protein-containing complex assembly"
"56","proteasomal protein catabolic process"
"57","positive regulation of catabolic process"
"58","epithelial cell proliferation"
"59","establishment or maintenance of cell polarity"
"60","positive regulation of proteolysis"
"61","reproductive structure development"
"62","positive regulation of cellular catabolic process"
"63","reproductive system development"
"64","response to oxidative stress"
"65","cilium movement"
"66","Wnt signaling pathway"
"67","cell-cell signaling by wnt"
"68","negative regulation of mitotic cell cycle"
"69","regulation of mRNA metabolic process"
"70","negative regulation of cell cycle process"
"71","negative regulation of proteolysis"
"72","regulation of apoptotic signaling pathway"
"73","in utero embryonic development"
"74","ossification"
"75","purine-containing compound metabolic process"
"76","mitotic spindle organization"
"77","regulation of actin cytoskeleton organization"
"78","response to metal ion"
"79","regulation of epithelial cell proliferation"
"80","muscle cell differentiation"
"81","ncRNA processing"
"82","muscle tissue development"
"83","positive regulation of cell cycle process"
"84","regulation of cellular protein catabolic process"
"85","epidermis development"
"86","response to steroid hormone"
"87","striated muscle tissue development"
"88","positive regulation of protein kinase activity"
"89","purine nucleotide metabolic process"
"90","ribose phosphate metabolic process"
"91","ncRNA metabolic process"
"92","meiotic cell cycle"
"93","electron transport chain"
"94","protein-DNA complex subunit organization"
"95","negative regulation of cell cycle phase transition"
"96","negative regulation of catabolic process"
"97","response to oxygen levels"
"98","purine ribonucleotide metabolic process"
"99","ribonucleotide metabolic process"
"100","cytokinesis"
"101","regulation of chromosome organization"
"102","nucleocytoplasmic transport"
"103","nuclear transport"
"104","response to decreased oxygen levels"
"105","regulation of intracellular transport"
"106","rRNA processing"
"107","rRNA metabolic process"
"108","ameboidal-type cell migration"
"109","oxidative phosphorylation"
"110","cell-matrix adhesion"
"111","regulation of protein modification by small protein conjugation or removal"
"112","regulation of actin filament organization"
"113","DNA conformation change"
"114","regulation of protein stability"
"115","urogenital system development"
"116","negative regulation of mitotic cell cycle phase transition"
"117","chromatin remodeling"
"118","negative regulation of cellular catabolic process"
"119","protein localization to nucleus"
"120","biological process involved in symbiotic interaction"
"121","protein polymerization"
"122","muscle organ development"
"123","protein localization to cell periphery"
"124","Ras protein signal transduction"
"125","cellular response to chemical stress"
"126","spindle assembly"
"127","cell-cell junction organization"
"128","regulation of proteolysis involved in cellular protein catabolic process"
"129","mitochondrial transport"
"130","DNA replication"
"131","skin development"
"132","response to hypoxia"
"133","epithelial tube morphogenesis"
"134","microtubule bundle formation"
"135","response to xenobiotic stimulus"
"136","microtubule-based transport"
"137","regulation of cell division"
"138","regulation of protein ubiquitination"
"139","regulation of cysteine-type endopeptidase activity"
"140","homeostasis of number of cells"
"141","intrinsic apoptotic signaling pathway"
"142","renal system development"
"143","meiotic cell cycle process"
"144","cell cycle G1/S phase transition"
"145","response to alcohol"
"146","response to toxic substance"
"147","positive regulation of cellular protein localization"
"148","RNA catabolic process"
"149","striated muscle cell differentiation"
"150","kidney development"
"151","axoneme assembly"
"152","cilium or flagellum-dependent cell motility"
"153","cilium-dependent cell motility"
"154","pattern specification process"
"155","organic cyclic compound catabolic process"
"156","positive regulation of cellular amide metabolic process"
"157","cell cycle checkpoint signaling"
"158","regulation of proteasomal protein catabolic process"
"159","positive regulation of supramolecular fiber organization"
"160","protein-containing complex disassembly"
"161","positive regulation of cytoskeleton organization"
"162","osteoblast differentiation"
"163","negative regulation of peptidase activity"
"164","negative regulation of transferase activity"
"165","cellular nitrogen compound catabolic process"
"166","aromatic compound catabolic process"
"167","respiratory electron transport chain"
"168","mitotic cell cycle checkpoint signaling"
"169","regulation of nuclear division"
"170","establishment of cell polarity"
"171","signal transduction by p53 class mediator"
"172","actomyosin structure organization"
"173","positive regulation of peptidase activity"
"174","DNA packaging"
"175","RNA localization"
"176","positive regulation of intracellular transport"
"177","regulation of cysteine-type endopeptidase activity involved in apoptotic process"
"178","nucleobase-containing compound transport"
"179","regulation of intracellular protein transport"
"180","negative regulation of endopeptidase activity"
"181","heterocycle catabolic process"
"182","cell growth"
"183","epithelial cell migration"
"184","epithelium migration"
"185","tissue migration"
"186","regulation of chromosome segregation"
"187","ATP synthesis coupled electron transport"
"188","mitochondrial ATP synthesis coupled electron transport"
"189","regulation of mitotic nuclear division"
"190","cellular response to oxygen levels"
"191","meiotic nuclear division"
"192","protein-DNA complex assembly"
"193","regulation of cell-substrate adhesion"
"194","mRNA catabolic process"
"195","regulation of microtubule-based process"
"196","nucleobase-containing compound catabolic process"
"197","ribosome assembly"
"198","cytoskeleton-dependent cytokinesis"
"199","endothelium development"
"200","positive regulation of translation"
"201","cell-cell junction assembly"
"202","regulation of RNA splicing"
"203","cellular response to decreased oxygen levels"
"204","regulation of ubiquitin-dependent protein catabolic process"
"205","regulation of protein binding"
"206","biological process involved in interaction with host"
"207","G1/S transition of mitotic cell cycle"
"208","epithelial cell development"
"209","hemostasis"
"210","response to radiation"
"211","cilium movement involved in cell motility"
"212","positive regulation of cell adhesion"
"213","ribosomal large subunit biogenesis"
"214","positive regulation of protein transport"
"215","positive regulation of establishment of protein localization"
"216","cytoskeleton-dependent intracellular transport"
"217","chromosome separation"
"218","translational initiation"
"219","maintenance of cell number"
"220","myeloid cell homeostasis"
"221","regulation of intrinsic apoptotic signaling pathway"
"222","positive regulation of binding"
"223","positive regulation of endopeptidase activity"
"224","regeneration"
"225","regulation of cell junction assembly"
"226","circadian rhythm"
"227","response to nutrient levels"
"228","regionalization"
"229","cellular response to peptide"
"230","viral life cycle"
"231","regulation of Wnt signaling pathway"
"232","negative regulation of hydrolase activity"
"233","stress-activated MAPK cascade"
"234","stress-activated protein kinase signaling cascade"
"235","cellular response to oxidative stress"
"236","gliogenesis"
"237","transport along microtubule"
"238","mitotic cytokinesis"
"239","regulation of sister chromatid segregation"
"240","regulation of chromosome separation"
"241","aerobic electron transport chain"
"242","stem cell population maintenance"
"243","microtubule organizing center organization"
"244","cellular response to hypoxia"
"245","actin filament bundle assembly"
"246","actin filament bundle organization"
"247","nucleic acid transport"
"248","RNA transport"
"249","establishment of RNA localization"
"250","regulation of mRNA catabolic process"
"251","gastrulation"
"252","protein stabilization"
"253","response to ketone"
"254","regulation of body fluid levels"
"255","fatty acid metabolic process"
"256","regulation of nervous system development"
"257","protein-containing complex localization"
"258","embryonic organ development"
"259","chromosome localization"
"260","regulation of mitotic sister chromatid separation"
"261","mitotic sister chromatid separation"
"262","ribosomal small subunit biogenesis"
"263","negative regulation of protein modification by small protein conjugation or removal"
"264","endothelial cell differentiation"
"265","positive regulation of apoptotic signaling pathway"
"266","erythrocyte homeostasis"
"267","centrosome cycle"
"268","regulation of proteasomal ubiquitin-dependent protein catabolic process"
"269","regulation of mRNA processing"
"270","cell cycle G2/M phase transition"
"271","regulation of microtubule cytoskeleton organization"
"272","positive regulation of cellular protein catabolic process"
"273","regulation of mRNA stability"
"274","nucleosome organization"
"275","regulation of cell cycle G1/S phase transition"
"276","regulation of RNA stability"
"277","signal transduction in response to DNA damage"
"278","alcohol metabolic process"
"279","negative regulation of cellular amide metabolic process"
"280","canonical Wnt signaling pathway"
"281","regulation of metal ion transport"
"282","negative regulation of cell adhesion"
"283","establishment of chromosome localization"
"284","mitochondrial electron transport, NADH to ubiquinone"
"285","metaphase/anaphase transition of mitotic cell cycle"
"286","metaphase/anaphase transition of cell cycle"
"287","mitotic spindle assembly"
"288","negative regulation of protein ubiquitination"
"289","negative regulation of chromosome organization"
"290","regulation of cytokinesis"
"291","cell-substrate junction assembly"
"292","cell-substrate junction organization"
"293","regulation of DNA binding"
"294","nucleoside diphosphate metabolic process"
"295","kidney epithelium development"
"296","G2/M transition of mitotic cell cycle"
"297","response to ionizing radiation"
"298","entry into host"
"299","carbohydrate catabolic process"
"300","nuclear export"
"301","positive regulation of intracellular protein transport"
"302","negative regulation of binding"
"303","response to corticosteroid"
"304","cellular response to external stimulus"
"305","response to peptide hormone"
"306","extracellular matrix organization"
"307","extracellular structure organization"
"308","external encapsulating structure organization"
"309","anatomical structure homeostasis"
"310","regulation of vasculature development"
"311","smoothened signaling pathway"
"312","positive regulation of MAPK cascade"
"313","flagellated sperm motility"
"314","sperm motility"
"315","regulation of canonical Wnt signaling pathway"
"316","aging"
"317","neuron death"
"318","lipid localization"
"319","maintenance of location"
"320","attachment of spindle microtubules to kinetochore"
"321","metaphase plate congression"
"322","regulation of stress-activated MAPK cascade"
"323","regulation of stress-activated protein kinase signaling cascade"
"324","negative regulation of apoptotic signaling pathway"
"325","regulation of ubiquitin-protein transferase activity"
"326","spindle localization"
"327","regulation of mitotic metaphase/anaphase transition"
"328","regulation of metaphase/anaphase transition of cell cycle"
"329","regulation of signal transduction by p53 class mediator"
"330","nucleoside triphosphate metabolic process"
"331","cellular detoxification"
"332","negative regulation of protein catabolic process"
"333","positive regulation of mitotic cell cycle"
"334","cellular response to toxic substance"
"335","regulation of cell-matrix adhesion"
"336","regulation of generation of precursor metabolites and energy"
"337","viral entry into host cell"
"338","response to hydrogen peroxide"
"339","secondary alcohol metabolic process"
"340","positive regulation of cysteine-type endopeptidase activity"
"341","detoxification"
"342","steroid metabolic process"
"343","muscle system process"
"344","tissue homeostasis"
"345","ERK1 and ERK2 cascade"
"346","epithelial cilium movement involved in extracellular fluid movement"
"347","extracellular transport"
"348","cellular response to transforming growth factor beta stimulus"
"349","response to transforming growth factor beta"
"350","negative regulation of translation"
"351","intracellular receptor signaling pathway"
"352","regulation of cell morphogenesis"
"353","cellular response to abiotic stimulus"
"354","cellular response to environmental stimulus"
"355","regulation of cell growth"
"356","nucleotide biosynthetic process"
"357","nucleoside phosphate biosynthetic process"
"358","skeletal muscle tissue development"
"359","skeletal muscle organ development"
"360","positive regulation of epithelial cell proliferation"
"361","gonad development"
"362","non-motile cilium assembly"
"363","spermatid differentiation"
"364","regulation of mitotic sister chromatid segregation"
"365","establishment of spindle localization"
"366","NADH dehydrogenase complex assembly"
"367","mitochondrial respiratory chain complex I assembly"
"368","mitochondrial respiratory chain complex assembly"
"369","nucleoside diphosphate phosphorylation"
"370","nucleotide phosphorylation"
"371","regulation of mRNA splicing, via spliceosome"
"372","purine nucleoside diphosphate metabolic process"
"373","purine ribonucleoside diphosphate metabolic process"
"374","ribonucleoside diphosphate metabolic process"
"375","integrin-mediated signaling pathway"
"376","positive regulation of mRNA metabolic process"
"377","positive regulation of cell-substrate adhesion"
"378","regulation of wound healing"
"379","cellular protein complex disassembly"
"380","cholesterol metabolic process"
"381","response to ethanol"
"382","endothelial cell migration"
"383","axon development"
"384","rhythmic process"
"385","regulation of angiogenesis"
"386","eye development"
"387","visual system development"
"388","sensory system development"
"389","female pregnancy"
"390","multi-multicellular organism process"
"391","response to mechanical stimulus"
"392","positive regulation of protein catabolic process"
"393","lipid transport"
"394","purine ribonucleoside triphosphate metabolic process"
"395","nucleoside triphosphate biosynthetic process"
"396","purine nucleoside triphosphate metabolic process"
"397","ribonucleoside triphosphate metabolic process"
"398","purine ribonucleotide biosynthetic process"
"399","ribonucleotide biosynthetic process"
"400","ribose phosphate biosynthetic process"
"401","purine nucleotide biosynthetic process"
"402","purine-containing compound biosynthetic process"
"403","axonogenesis"
"404","kinetochore organization"
"405","meiotic chromosome segregation"
"406","positive regulation of Wnt signaling pathway"
"407","import into nucleus"
"408","intraciliary transport"
"409","motile cilium assembly"
"410","spermatid development"
"411","regulation of ubiquitin protein ligase activity"
"412","negative regulation of sister chromatid segregation"
"413","negative regulation of mitotic sister chromatid segregation"
"414","negative regulation of mitotic sister chromatid separation"
"415","negative regulation of chromosome segregation"
"416","negative regulation of chromosome separation"
"417","sister chromatid cohesion"
"418","intrinsic apoptotic signaling pathway by p53 class mediator"
"419","ADP metabolic process"
"420","maintenance of protein location"
"421","regulation of actomyosin structure organization"
"422","regulation of actin filament bundle assembly"
"423","pyruvate metabolic process"
"424","regulation of nucleocytoplasmic transport"
"425","protein depolymerization"
"426","positive regulation of proteasomal protein catabolic process"
"427","DNA damage checkpoint signaling"
"428","positive regulation of cell cycle phase transition"
"429","erythrocyte differentiation"
"430","establishment of protein localization to mitochondrion"
"431","cardiac chamber morphogenesis"
"432","cardiac ventricle development"
"433","DNA integrity checkpoint signaling"
"434","regulation of muscle system process"
"435","cellular calcium ion homeostasis"
"436","mesenchyme development"
"437","regulation of epithelial cell migration"
"438","embryonic organ morphogenesis"
"439","sensory organ morphogenesis"
"440","camera-type eye development"
"441","peptidyl-serine phosphorylation"
"442","peptidyl-serine modification"
"443","determination of left/right symmetry"
"444","determination of bilateral symmetry"
"445","specification of symmetry"
"446","cellular process involved in reproduction in multicellular organism"
"447","lung development"
"448","respiratory tube development"
"449","epidermal cell differentiation"
"450","respiratory system development"
"451","ear development"
"452","response to glucocorticoid"
"453","morphogenesis of a branching epithelium"
"454","morphogenesis of a branching structure"
"455","cellular response to steroid hormone stimulus"
"456","regulation of myeloid cell differentiation"
"457","actin polymerization or depolymerization"
"458","muscle cell proliferation"
"459","purine ribonucleoside triphosphate biosynthetic process"
"460","purine nucleoside triphosphate biosynthetic process"
"461","ribonucleoside triphosphate biosynthetic process"
"462","meiosis I"
"463","meiosis I cell cycle process"
"464","male gonad development"
"465","development of primary male sexual characteristics"
"466","morphogenesis of embryonic epithelium"
"467","regulation of epithelial cell differentiation"
"468","protein import into nucleus"
"469","male sex differentiation"
"470","JNK cascade"
"471","positive regulation of epithelial cell migration"
"472","negative regulation of mitotic metaphase/anaphase transition"
"473","negative regulation of metaphase/anaphase transition of cell cycle"
"474","negative regulation of mitotic nuclear division"
"475","negative regulation of nuclear division"
"476","alternative mRNA splicing, via spliceosome"
"477","glycolytic process"
"478","mitotic DNA damage checkpoint signaling"
"479","fibroblast proliferation"
"480","ATP generation from ADP"
"481","mitotic DNA integrity checkpoint signaling"
"482","midbrain development"
"483","ureteric bud development"
"484","nephron tubule development"
"485","protein localization to chromosome"
"486","mesonephric epithelium development"
"487","mesonephric tubule development"
"488","regulation of cyclin-dependent protein serine/threonine kinase activity"
"489","regulation of G2/M transition of mitotic cell cycle"
"490","negative regulation of protein binding"
"491","renal tubule development"
"492","mesonephros development"
"493","regulation of cyclin-dependent protein kinase activity"
"494","regulation of cell cycle G2/M phase transition"
"495","mitochondrial transmembrane transport"
"496","contractile actin filament bundle assembly"
"497","stress fiber assembly"
"498","molting cycle"
"499","hair cycle"
"500","nephron epithelium development"
"501","coagulation"
"502","regulation of blood circulation"
"503","regulation of peptidyl-tyrosine phosphorylation"
"504","protein maturation"
"505","response to lipopolysaccharide"
"506","muscle contraction"
"507","organic anion transport"
"508","response to molecule of bacterial origin"
"509","leukocyte cell-cell adhesion"
"510","peptidyl-tyrosine phosphorylation"
"511","peptidyl-tyrosine modification"
"512","response to reactive oxygen species"
"513","mesenchymal cell differentiation"
"514","positive regulation of response to external stimulus"
"515","regulation of transmembrane receptor protein serine/threonine kinase signaling pathway"
"516","regulation of ERK1 and ERK2 cascade"
"517","germ cell development"
"518","positive regulation of canonical Wnt signaling pathway"
"519","positive regulation of cysteine-type endopeptidase activity involved in apoptotic process"
"520","regulation of actin polymerization or depolymerization"
"521","regulation of actin filament length"
"522","regulation of smooth muscle cell proliferation"
"523","smooth muscle cell proliferation"
"524","heart contraction"
"525","heart process"
"526","vascular process in circulatory system"
"527","sex differentiation"
"528","second-messenger-mediated signaling"
"529","glial cell differentiation"
"530","positive regulation of ion transport"
"531","centromere complex assembly"
"532","chromosome condensation"
"533","nucleus organization"
"534","liver development"
"535","tube formation"
"536","hepaticobiliary system development"
"537","neural tube development"
"538","protein localization to cilium"
"539","establishment of mitotic spindle localization"
"540","mitotic spindle assembly checkpoint signaling"
"541","spindle assembly checkpoint signaling"
"542","mitotic spindle checkpoint signaling"
"543","spindle checkpoint signaling"
"544","positive regulation of intrinsic apoptotic signaling pathway"
"545","cortical cytoskeleton organization"
"546","chromosome organization involved in meiotic cell cycle"
"547","negative regulation of cellular protein catabolic process"
"548","animal organ regeneration"
"549","apical junction assembly"
"550","regulation of fibroblast proliferation"
"551","hair follicle development"
"552","molting cycle process"
"553","hair cycle process"
"554","skin epidermis development"
"555","focal adhesion assembly"
"556","positive regulation of cell division"
"557","positive regulation of proteasomal ubiquitin-dependent protein catabolic process"
"558","regulation of stress fiber assembly"
"559","negative regulation of mRNA metabolic process"
"560","positive regulation of mitotic cell cycle phase transition"
"561","viral gene expression"
"562","regulation of striated muscle contraction"
"563","movement in host environment"
"564","positive regulation of angiogenesis"
"565","positive regulation of vasculature development"
"566","regulation of heart contraction"
"567","myeloid leukocyte differentiation"
"568","blood coagulation"
"569","protein processing"
"570","sodium ion transport"
"571","cellular response to extracellular stimulus"
"572","cognition"
"573","organic acid transport"
"574","response to estradiol"
"575","cellular response to reactive oxygen species"
"576","negative regulation of Wnt signaling pathway"
"577","response to nutrient"
"578","monocarboxylic acid biosynthetic process"
"579","fat cell differentiation"
"580","organic hydroxy compound biosynthetic process"
"581","inner ear development"
"582","response to insulin"
"583","positive regulation of cell development"
"584","cytokine-mediated signaling pathway"
"585","digestive system development"
"586","appendage morphogenesis"
"587","limb morphogenesis"
"588","placenta development"
"589","Rho protein signal transduction"
"590","regulation of histone modification"
"591","regulation of cell shape"
"592","regulation of reproductive process"
"593","sprouting angiogenesis"
"594","cellular response to radiation"
"595","cellular response to nutrient levels"
"596","development of primary sexual characteristics"
"597","ATP biosynthetic process"
"598","keratinocyte differentiation"
"599","negative regulation of cell-cell adhesion"
"600","regulation of protein localization to membrane"
"601","ribosomal large subunit assembly"
"602","mitotic metaphase plate congression"
"603","negative regulation of intrinsic apoptotic signaling pathway"
"604","positive regulation of cell junction assembly"
"605","embryonic epithelial tube formation"
"606","epithelial tube formation"
"607","regulation of JNK cascade"
"608","microtubule organizing center localization"
"609","cytoplasmic translational initiation"
"610","establishment of spindle orientation"
"611","negative regulation of ubiquitin-dependent protein catabolic process"
"612","morphogenesis of an epithelial sheet"
"613","positive regulation of wound healing"
"614","regulation of embryonic development"
"615","negative regulation of proteolysis involved in cellular protein catabolic process"
"616","maintenance of protein location in cell"
"617","positive regulation of organelle assembly"
"618","negative regulation of neuron differentiation"
"619","cellular response to ionizing radiation"
"620","positive regulation of response to wounding"
"621","renal tubule morphogenesis"
"622","regulation of cardiac muscle contraction"
"623","embryonic placenta development"
"624","positive regulation of chromosome organization"
"625","steroid biosynthetic process"
"626","regulation of muscle contraction"
"627","learning or memory"
"628","response to endoplasmic reticulum stress"
"629","cellular response to hydrogen peroxide"
"630","response to interleukin-1"
"631","sterol metabolic process"
"632","epithelial to mesenchymal transition"
"633","olefinic compound metabolic process"
"634","regulation of response to wounding"
"635","transmembrane receptor protein serine/threonine kinase signaling pathway"
"636","regulation of neurogenesis"
"637","regulation of inflammatory response"
"638","negative regulation of transport"
"639","extrinsic apoptotic signaling pathway"
"640","regulation of endothelial cell migration"
"641","neuron apoptotic process"
"642","embryonic limb morphogenesis"
"643","embryonic appendage morphogenesis"
"644","intracellular steroid hormone receptor signaling pathway"
"645","formation of primary germ layer"
"646","steroid hormone mediated signaling pathway"
"647","response to retinoic acid"
"648","cellular ketone metabolic process"
"649","developmental cell growth"
"650","mRNA transport"
"651","response to calcium ion"
"652","response to carbohydrate"
"653","kinetochore assembly"
"654","response to fatty acid"
"655","regulation of cell-substrate junction organization"
"656","neural tube formation"
"657","axonemal dynein complex assembly"
"658","regulation of smoothened signaling pathway"
"659","ribosomal small subunit assembly"
"660","negative regulation of ubiquitin-protein transferase activity"
"661","establishment of mitotic spindle orientation"
"662","tricarboxylic acid cycle"
"663","centrosome localization"
"664","wound healing, spreading of cells"
"665","epiboly involved in wound healing"
"666","epiboly"
"667","liver regeneration"
"668","ventricular cardiac muscle tissue development"
"669","translational elongation"
"670","ncRNA transcription"
"671","positive regulation of cell-matrix adhesion"
"672","regulation of epidermal cell differentiation"
"673","cell communication involved in cardiac conduction"
"674","regulation of alternative mRNA splicing, via spliceosome"
"675","regulation of cell aging"
"676","positive regulation of actin filament bundle assembly"
"677","negative regulation of mRNA catabolic process"
"678","endothelial cell development"
"679","regulation of epidermis development"
"680","positive regulation of protein localization to cell periphery"
"681","regulation of lipid biosynthetic process"
"682","import into cell"
"683","receptor-mediated endocytosis"
"684","anion transmembrane transport"
"685","alcohol biosynthetic process"
"686","fatty acid biosynthetic process"
"687","regulation of protein localization to cell periphery"
"688","negative regulation of cell migration"
"689","negative regulation of cell motility"
"690","negative regulation of cellular component movement"
"691","negative regulation of locomotion"
"692","blood vessel endothelial cell migration"
"693","leukocyte migration"
"694","regulation of DNA-binding transcription factor activity"
"695","appendage development"
"696","limb development"
"697","positive regulation of peptidyl-tyrosine phosphorylation"
"698","reactive oxygen species metabolic process"
"699","regulation of cilium movement"
"700","regulation of microtubule-based movement"
"701","cell-cell adhesion via plasma-membrane adhesion molecules"
"702","regulation of lipid metabolic process"
"703","regulation of cation transmembrane transport"
"704","axis specification"
"705","regulation of translational initiation"
"706","lamellipodium organization"
"707","cell death in response to oxidative stress"
"708","positive regulation of ubiquitin-dependent protein catabolic process"
"709","female sex differentiation"
"710","response to UV"
"711","cardiocyte differentiation"
"712","negative regulation of epithelial cell proliferation"
"713","endoplasmic reticulum organization"
"714","myoblast differentiation"
"715","cold-induced thermogenesis"
"716","regulation of cold-induced thermogenesis"
"717","adaptive thermogenesis"
"718","temperature homeostasis"
"719","striated muscle contraction"
"720","regulation of chemotaxis"
"721","developmental growth involved in morphogenesis"
"722","positive regulation of growth"
"723","response to purine-containing compound"
"724","positive regulation of nucleocytoplasmic transport"
"725","regulation of focal adhesion assembly"
"726","regulation of cell-substrate junction assembly"
"727","skeletal muscle cell differentiation"
"728","homotypic cell-cell adhesion"
"729","kidney morphogenesis"
"730","regulation of cilium assembly"
"731","negative regulation of ubiquitin protein ligase activity"
"732","formation of cytoplasmic translation initiation complex"
"733","positive regulation of signal transduction by p53 class mediator"
"734","energy coupled proton transport, down electrochemical gradient"
"735","ATP synthesis coupled proton transport"
"736","regulation of intrinsic apoptotic signaling pathway by p53 class mediator"
"737","cortical actin cytoskeleton organization"
"738","maintenance of protein localization in organelle"
"739","intrinsic apoptotic signaling pathway in response to DNA damage by p53 class mediator"
"740","substantia nigra development"
"741","ventricular cardiac muscle tissue morphogenesis"
"742","negative regulation of mitochondrion organization"
"743","spliceosomal snRNP assembly"
"744","metal ion export"
"745","cytoplasmic microtubule organization"
"746","positive regulation of DNA binding"
"747","mRNA stabilization"
"748","protein export from nucleus"
"749","cholesterol biosynthetic process"
"750","secondary alcohol biosynthetic process"
"751","bone mineralization"
"752","receptor metabolic process"
"753","biomineral tissue development"
"754","biomineralization"
"755","Notch signaling pathway"
"756","import across plasma membrane"
"757","sodium ion transmembrane transport"
"758","response to starvation"
"759","response to organophosphorus"
"760","response to ischemia"
"761","circadian regulation of gene expression"
"762","microtubule polymerization or depolymerization"
"763","actin filament-based movement"
"764","response to acid chemical"
"765","mammary gland development"
"766","cardiac muscle contraction"
"767","negative regulation of canonical Wnt signaling pathway"
"768","negative regulation of immune effector process"
"769","stem cell differentiation"
"770","regulation of endocytosis"
"771","response to monosaccharide"
"772","adaptive immune response based on somatic recombination of immune receptors built from immunoglobulin superfamily domains"
"773","response to unfolded protein"
"774","response to topologically incorrect protein"
"775","protein folding"
"776","muscle cell development"
"777","heart morphogenesis"
"778","positive regulation of transmembrane receptor protein serine/threonine kinase signaling pathway"
"779","eye morphogenesis"
"780","positive regulation of proteolysis involved in cellular protein catabolic process"
"781","regulation of mitochondrion organization"
"782","regulation of MAP kinase activity"
"783","locomotory behavior"
"784","negative regulation of MAPK cascade"
"785","defense response to virus"
"786","defense response to symbiont"
"787","nephron development"
"788","peripheral nervous system development"
"789","maturation of SSU-rRNA"
"790","embryo implantation"
"791","endoplasmic reticulum unfolded protein response"
"792","regulation of intracellular steroid hormone receptor signaling pathway"
"793","regulation of oxidative stress-induced cell death"
"794","negative regulation of RNA catabolic process"
"795","neural tube closure"
"796","tube closure"
"797","primary neural tube formation"
"798","intrinsic apoptotic signaling pathway in response to DNA damage"
"799","positive regulation of smooth muscle cell proliferation"
"800","negative regulation of protein-containing complex assembly"
"801","regulation of tube diameter"
"802","blood vessel diameter maintenance"
"803","regulation of tube size"
"804","positive regulation of small molecule metabolic process"
"805","neural nucleus development"
"806","regulation of sodium ion transmembrane transport"
"807","regulation of sodium ion transport"
"808","sperm axoneme assembly"
"809","sperm flagellum assembly"
"810","regulation of release of sequestered calcium ion into cytosol"
"811","oligodendrocyte differentiation"
"812","regulation of calcium ion transport into cytosol"
"813","regulation of transcription from RNA polymerase II promoter in response to stress"
"814","regulation of DNA-templated transcription in response to stress"
"815","axon extension"
"816","positive regulation of cation transmembrane transport"
"817","regulation of axonogenesis"
"818","positive regulation of ion transmembrane transport"
"819","neuron projection extension"
"820","regulation of leukocyte migration"
"821","positive regulation of transmembrane transport"
"822","myeloid leukocyte activation"
"823","positive regulation of neurogenesis"
"824","response to hexose"
"825","regulation of small molecule metabolic process"
"826","positive regulation of protein localization to membrane"
"827","protein localization to chromosome, centromeric region"
"828","regulation of spindle organization"
"829","negative regulation of stress-activated MAPK cascade"
"830","negative regulation of stress-activated protein kinase signaling cascade"
"831","homologous chromosome segregation"
"832","positive chemotaxis"
"833","peptidyl-glutamic acid modification"
"834","regulation of hair follicle development"
"835","cell communication by electrical coupling involved in cardiac conduction"
"836","regulation of hair cycle"
"837","NADH metabolic process"
"838","regulation of protein export from nucleus"
"839","cell communication by electrical coupling"
"840","rRNA transcription"
"841","negative regulation of proteasomal ubiquitin-dependent protein catabolic process"
"842","histone phosphorylation"
"843","cytokinetic process"
"844","regulation of actin filament-based movement"
"845","serine family amino acid metabolic process"
"846","positive regulation of cytokinesis"
"847","somatic stem cell population maintenance"
"848","labyrinthine layer development"
"849","keratinocyte proliferation"
"850","receptor internalization"
"851","response to fibroblast growth factor"
"852","ERBB signaling pathway"
"853","cellular hormone metabolic process"
"854","positive regulation of inflammatory response"
"855","carboxylic acid transmembrane transport"
"856","organic acid transmembrane transport"
"857","monovalent inorganic cation homeostasis"
"858","cellular response to starvation"
"859","response to cAMP"
"860","sterol biosynthetic process"
"861","establishment of planar polarity"
"862","establishment of tissue polarity"
"863","retina homeostasis"
"864","morphogenesis of a polarized epithelium"
"865","actin-mediated cell contraction"
"866","regulation of epithelial to mesenchymal transition"
"867","cellular oxidant detoxification"
"868","positive regulation of myeloid cell differentiation"
"869","macrophage activation"
"870","regulation of lipid storage"
"871","inner ear receptor cell differentiation"
"872","mechanoreceptor differentiation"
"873","lipid storage"
"874","regulation of smooth muscle cell migration"
"875","smooth muscle cell migration"
"876","positive regulation of endocytosis"
"877","muscle cell migration"
"878","regulation of extrinsic apoptotic signaling pathway"
"879","anatomical structure maturation"
"880","response to tumor necrosis factor"
"881","positive regulation of GTPase activity"
"882","positive regulation of nervous system development"
"883","developmental maturation"
"884","regulation of cellular response to growth factor stimulus"
"885","positive regulation of endothelial cell migration"
"886","regulation of blood vessel endothelial cell migration"
"887","inorganic anion transport"
"888","ear morphogenesis"
"889","camera-type eye morphogenesis"
"890","regulation of animal organ morphogenesis"
"891","toll-like receptor signaling pathway"
"892","regulation of osteoblast differentiation"
"893","negative regulation of neuron projection development"
"894","branching morphogenesis of an epithelial tube"
"895","BMP signaling pathway"
"896","cell adhesion mediated by integrin"
"897","positive regulation of peptidyl-serine phosphorylation"
"898","gland morphogenesis"
"899","regulation of peptidyl-serine phosphorylation"
"900","negative regulation of cell projection organization"
"901","cellular response to glucocorticoid stimulus"
"902","cellular response to corticosteroid stimulus"
"903","osteoblast proliferation"
"904","regulation of aerobic respiration"
"905","regulation of cellular respiration"
"906","glandular epithelial cell differentiation"
"907","actin filament depolymerization"
"908","positive regulation of nitric oxide biosynthetic process"
"909","positive regulation of nitric oxide metabolic process"
"910","endodermal cell differentiation"
"911","endoderm formation"
"912","response to amyloid-beta"
"913","regulation of nitric oxide biosynthetic process"
"914","regulation of nitric oxide metabolic process"
"915","nitric oxide biosynthetic process"
"916","endoderm development"
"917","negative regulation of cysteine-type endopeptidase activity involved in apoptotic process"
"918","neural crest cell development"
"919","nitric oxide metabolic process"
"920","reactive nitrogen species metabolic process"
"921","regulation of muscle cell apoptotic process"
"922","mesenchymal cell development"
"923","stem cell development"
"924","negative regulation of cysteine-type endopeptidase activity"
"925","muscle cell apoptotic process"
"926","cellular response to UV"
"927","regulation of protein tyrosine kinase activity"
"928","neural crest cell differentiation"
"929","female gonad development"
"930","cellular response to ketone"
"931","development of primary female sexual characteristics"
"932","sphingolipid biosynthetic process"
"933","actin cytoskeleton reorganization"
"934","cellular response to interleukin-1"
"935","columnar/cuboidal epithelial cell differentiation"
"936","cellular response to fibroblast growth factor stimulus"
"937","RNA stabilization"
"938","lipopolysaccharide-mediated signaling pathway"
"939","regulation of glial cell differentiation"
"940","transport across blood-brain barrier"
"941","vascular transport"
"942","positive regulation of ion transmembrane transporter activity"
"943","positive regulation of transporter activity"
"944","positive regulation of calcium ion transport"
"945","positive regulation of cell growth"
"946","response to glucose"
"947","negative regulation of intracellular steroid hormone receptor signaling pathway"
"948","response to vitamin"
"949","regulation of protein localization to plasma membrane"
"950","regulation of attachment of spindle microtubules to kinetochore"
"951","mitotic chromosome condensation"
"952","maturation of LSU-rRNA"
"953","mitotic sister chromatid cohesion"
"954","positive regulation of cell-substrate junction organization"
"955","regulation of mitotic spindle organization"
"956","Schwann cell differentiation"
"957","positive regulation of protein import into nucleus"
"958","positive regulation of pri-miRNA transcription by RNA polymerase II"
"959","positive regulation of protein import"
"960","intrinsic apoptotic signaling pathway in response to oxidative stress"
"961","glial cell proliferation"
"962","regulation of pri-miRNA transcription by RNA polymerase II"
"963","pri-miRNA transcription by RNA polymerase II"
"964","inner dynein arm assembly"
"965","transepithelial transport"
"966","viral translation"
"967","fibroblast apoptotic process"
"968","membrane raft organization"
"969","positive regulation of ubiquitin-protein transferase activity"
"970","basement membrane organization"
"971","positive regulation of mRNA processing"
"972","regulation of cardiac muscle cell contraction"
"973","maintenance of blood-brain barrier"
"974","platelet aggregation"
"975","cellular response to mechanical stimulus"
"976","cell migration involved in sprouting angiogenesis"
"977","cardiac conduction"
"978","regulation of steroid metabolic process"
"979","collagen metabolic process"
"980","antigen processing and presentation"
"981","epidermal growth factor receptor signaling pathway"
"982","renal system process"
"983","cell redox homeostasis"
"984","microglial cell activation"
"985","regulation of extracellular matrix organization"
"986","mammary gland epithelium development"
"987","non-canonical Wnt signaling pathway"
"988","axo-dendritic transport"
"989","cellular response to lipoprotein particle stimulus"
"990","inner ear receptor cell development"
"991","retinol metabolic process"
"992","ureteric bud morphogenesis"
"993","mesonephric tubule morphogenesis"
"994","nephron tubule morphogenesis"
"995","nephron epithelium morphogenesis"
"996","nephron morphogenesis"
"997","negative regulation of angiogenesis"
"998","negative regulation of blood vessel morphogenesis"
"999","negative regulation of vasculature development"
"1000","central nervous system neuron differentiation"
"1001","cell maturation"
"1002","regulation of endothelial cell proliferation"
"1003","endothelial cell proliferation"
"1004","response to temperature stimulus"
"1005","response to virus"
"1006","response to BMP"
"1007","cellular response to BMP stimulus"
"1008","regulation of protein kinase B signaling"
"1009","protein kinase B signaling"
"1010","cellular response to tumor necrosis factor"
"1011","embryonic heart tube development"
"1012","regulation of microtubule polymerization or depolymerization"
"1013","negative regulation of wound healing"
"1014","negative regulation of response to wounding"
"1015","positive regulation of reproductive process"
"1016","positive regulation of protein tyrosine kinase activity"
"1017","metanephros development"
"1018","positive regulation of protein binding"
"1019","odontogenesis"
"1020","epithelial cilium movement involved in determination of left/right asymmetry"
"1021","regulation of cilium beat frequency"
"1022","left/right pattern formation"
"1023","positive regulation of cold-induced thermogenesis"
"1024","positive regulation of lipid localization"
"1025","antimicrobial humoral response"
"1026","digestive tract development"
"1027","regulation of DNA damage response, signal transduction by p53 class mediator"
"1028","maternal placenta development"
"1029","regulation of keratinocyte differentiation"
"1030","lung epithelium development"
"1031","response to dexamethasone"
"1032","lung alveolus development"
"1033","regulation of osteoblast proliferation"
"1034","regulation of oxidative stress-induced neuron death"
"1035","neuron death in response to oxidative stress"
"1036","response to mineralocorticoid"
"1037","maturation of SSU-rRNA from tricistronic rRNA transcript (SSU-rRNA, 5.8S rRNA, LSU-rRNA)"
"1038","positive regulation of RNA splicing"
"1039","regulation of T cell receptor signaling pathway"
"1040","androgen receptor signaling pathway"
"1041","regulation of activated T cell proliferation"
"1042","response to fluid shear stress"
"1043","inositol phosphate-mediated signaling"
"1044","response to gamma radiation"
"1045","multicellular organismal water homeostasis"
"1046","regulation of sprouting angiogenesis"
"1047","heterotypic cell-cell adhesion"
"1048","water homeostasis"
"1049","regulation of vasoconstriction"
"1050","ovulation cycle"
"1051","myeloid cell development"
"1052","cardiac muscle cell action potential"
"1053","microtubule depolymerization"
"1054","regulation of morphogenesis of an epithelium"
"1055","mitochondrial ATP synthesis coupled proton transport"
"1056","regulation of leukocyte differentiation"
"1057","positive regulation of release of sequestered calcium ion into cytosol"
"1058","positive regulation of axonogenesis"
"1059","regulation of axon extension"
"1060","ceramide metabolic process"
"1061","regulation of heart rate"
"1062","substrate adhesion-dependent cell spreading"
"1063","regulation of extent of cell growth"
"1064","glucocorticoid receptor signaling pathway"
"1065","corticosteroid receptor signaling pathway"
"1066","neuromuscular junction development"
"1067","regulation of glycolytic process"
"1068","regulation of carbohydrate catabolic process"
"1069","centromeric sister chromatid cohesion"
"1070","spindle midzone assembly"
"1071","meiotic spindle organization"
"1072","attachment of mitotic spindle microtubules to kinetochore"
"1073","protein localization to kinetochore"
"1074","protein localization to condensed chromosome"
"1075","establishment of skin barrier"
"1076","regulation of spindle assembly"
"1077","regulation of water loss via skin"
"1078","positive regulation of focal adhesion assembly"
"1079","female meiotic nuclear division"
"1080","regulation of oxidative stress-induced intrinsic apoptotic signaling pathway"
"1081","regulation of cell cycle checkpoint"
"1082","regulation of stem cell population maintenance"
"1083","DNA replication-independent nucleosome organization"
"1084","cellular response to fatty acid"
"1085","desmosome organization"
"1086","positive regulation of ubiquitin protein ligase activity"
"1087","membrane raft assembly"
"1088","protein localization to cell cortex"
"1089","regulation of cell communication by electrical coupling involved in cardiac conduction"
"1090","deoxyribonucleotide biosynthetic process"
"1091","regulation of cell communication by electrical coupling"
"1092","regulation of spindle checkpoint"
"1093","regulation of mitotic cell cycle spindle assembly checkpoint"
"1094","regulation of mitotic spindle checkpoint"
"1095","platelet formation"
"1096","platelet morphogenesis"
"1097","regulation of fibroblast apoptotic process"
"1098","protein-DNA complex disassembly"
"1099","type B pancreatic cell proliferation"
"1100","regulation of monocyte differentiation"
"1101","protein localization to cell-cell junction"
"1102","histone exchange"
"1103","positive regulation of mRNA splicing, via spliceosome"
"1104","positive regulation of blood coagulation"
"1105","maintenance of protein location in nucleus"
"1106","positive regulation of hemostasis"
"1107","negative regulation of stem cell differentiation"
"1108","positive regulation of coagulation"
"1109","glucose 6-phosphate metabolic process"
"1110","positive regulation of cell aging"
"1111","negative regulation of RNA splicing"
"1112","bile acid biosynthetic process"
"1113","bile acid metabolic process"
"1114","endoplasmic reticulum calcium ion homeostasis"
"1115","intestinal absorption"
"1116","regulation of actin filament depolymerization"
"1117","membrane protein proteolysis"
"1118","positive regulation of myeloid leukocyte differentiation"
"1119","antigen processing and presentation of peptide antigen"
"1120","ceramide biosynthetic process"
"1121","regulation of steroid biosynthetic process"
"1122","regulation of bone mineralization"
"1123","organic hydroxy compound catabolic process"
"1124","post-embryonic development"
"1125","astrocyte differentiation"
"1126","photoreceptor cell maintenance"
"1127","digestive tract morphogenesis"
"1128","cellular response to amyloid-beta"
"1129","positive regulation of stress fiber assembly"
"1130","Wnt signaling pathway, planar cell polarity pathway"
"1131","response to heat"
"1132","negative regulation of immune response"
"1133","negative regulation of immune system process"
"1134","regulation of cholesterol storage"
"1135","cholesterol storage"
"1136","cellular response to low-density lipoprotein particle stimulus"
"1137","negative regulation of lipid storage"
"1138","response to lipoprotein particle"
"1139","cellular response to peptide hormone stimulus"
"1140","regulation of extrinsic apoptotic signaling pathway via death domain receptors"
"1141","branching involved in ureteric bud morphogenesis"
"1142","extrinsic apoptotic signaling pathway via death domain receptors"
"1143","T cell mediated immunity"
"1144","mesoderm development"
"1145","negative regulation of transmembrane receptor protein serine/threonine kinase signaling pathway"
"1146","cell aging"
"1147","positive regulation of leukocyte migration"
"1148","negative regulation of secretion by cell"
"1149","sulfur compound biosynthetic process"
"1150","chaperone-mediated protein folding"
"1151","cellular response to unfolded protein"
"1152","cellular response to topologically incorrect protein"
"1153","establishment of protein localization to organelle"
"1154","cellular response to heat"
"1155","positive regulation of blood vessel endothelial cell migration"
"1156","regulation of cell migration involved in sprouting angiogenesis"
"1157","positive regulation of protein kinase B signaling"
"1158","epithelial cell apoptotic process"
"1159","positive regulation of chemotaxis"
"1160","tissue remodeling"
"1161","organ growth"
"1162","cardiac chamber development"
"1163","centriole replication"
"1164","centriole assembly"
"1165","embryonic digit morphogenesis"
"1166","heart looping"
"1167","photoreceptor cell differentiation"
"1168","toll-like receptor 4 signaling pathway"
"1169","neuron projection regeneration"
"1170","hormone biosynthetic process"
"1171","negative regulation of synaptic transmission"
"1172","collagen fibril organization"
"1173","regulation of epithelial cell apoptotic process"
"1174","negative regulation of extrinsic apoptotic signaling pathway"
"1175","cerebrospinal fluid circulation"
"1176","outer dynein arm assembly"
"1177","determination of heart left/right asymmetry"
"1178","glomerulus development"
"1179","antimicrobial humoral immune response mediated by antimicrobial peptide"
"1180","regulation of vascular associated smooth muscle cell proliferation"
"1181","vascular associated smooth muscle cell proliferation"
"1182","monocarboxylic acid transport"
"1183","intraciliary retrograde transport"
"1184","nephric duct development"
"1185","iron ion transmembrane transport"
"1186","polarized epithelial cell differentiation"
"1187","microvillus organization"
"1188","prostate glandular acinus development"
"1189","regulation of protein deubiquitination"
"1190","negative regulation of oxidative stress-induced neuron death"
"1191","regulation of oxidative phosphorylation"
"1192","prostate gland epithelium morphogenesis"
"1193","prostate gland morphogenesis"
"1194","negative regulation of response to oxidative stress"
"1195","regulation of hydrogen peroxide-induced cell death"
"1196","ovulation"
"1197","positive regulation of muscle cell apoptotic process"
"1198","response to vitamin D"
"1199","erythrocyte development"
"1200","response to testosterone"
"1201","body morphogenesis"
"1202","steroid hormone biosynthetic process"
"1203","ovulation cycle process"
"1204","response to antibiotic"
"1205","positive regulation of fibroblast proliferation"
"1206","positive regulation of leukocyte differentiation"
"1207","positive regulation of hemopoiesis"
"1208","cellular response to metal ion"
"1209","cellular response to inorganic substance"
"1210","regulation of hemopoiesis"
"1211","negative regulation of fibroblast growth factor receptor signaling pathway"
"1212","positive regulation of animal organ morphogenesis"
"1213","regulation of fibroblast growth factor receptor signaling pathway"
"1214","positive regulation of morphogenesis of an epithelium"
"1215","formation of translation preinitiation complex"
"1216","cellular copper ion homeostasis"
"1217","copper ion homeostasis"
"1218","negative regulation of intrinsic apoptotic signaling pathway by p53 class mediator"
"1219","GTP metabolic process"
"1220","establishment of epithelial cell polarity"
"1221","negative regulation of signal transduction by p53 class mediator"
"1222","water-soluble vitamin metabolic process"
"1223","regulation of myeloid leukocyte differentiation"
"1224","regulation of cyclic-nucleotide phosphodiesterase activity"
"1225","detection of calcium ion"
"1226","response to muramyl dipeptide"
"1227","regulation of cardiac muscle contraction by regulation of the release of sequestered calcium ion"
"1228","positive regulation of cilium assembly"
"1229","regulation of lipopolysaccharide-mediated signaling pathway"
"1230","regulation of ryanodine-sensitive calcium-release channel activity"
"1231","regulation of cardiac muscle contraction by calcium ion signaling"
"1232","positive regulation of protein autophosphorylation"
"1233","regulation of release of sequestered calcium ion into cytosol by sarcoplasmic reticulum"
"1234","positive regulation of transcription from RNA polymerase II promoter in response to stress"
"1235","endothelial cell chemotaxis"
"1236","axon extension involved in axon guidance"
"1237","neuron projection extension involved in neuron projection guidance"
"1238","cardiac muscle cell membrane repolarization"
"1239","positive regulation of calcium ion transmembrane transporter activity"
"1240","positive regulation of axon extension"
"1241","membrane repolarization"
"1242","negative regulation of chemotaxis"
"1243","positive regulation of NIK/NF-kappaB signaling"
"1244","mRNA destabilization"
"1245","positive regulation of mRNA catabolic process"
"1246","RNA destabilization"
"1247","sensory perception of pain"
"1248","positive regulation of glycolytic process"
"1249","entrainment of circadian clock by photoperiod"
"1250","negative regulation of smoothened signaling pathway"
"1251","photoperiodism"
"1252","entrainment of circadian clock"
"1253","positive regulation of ATP metabolic process"
"1254","regulation of protein neddylation"
"1255","positive regulation of hair follicle development"
"1256","negative regulation of muscle adaptation"
"1257","regulation of type B pancreatic cell proliferation"
"1258","negative regulation of glial cell proliferation"
"1259","regulation of cardiac muscle adaptation"
"1260","regulation of cardiac muscle hypertrophy in response to stress"
"1261","protein neddylation"
"1262","negative regulation of oxidative stress-induced intrinsic apoptotic signaling pathway"
"1263","anaphase-promoting complex-dependent catabolic process"
"1264","nucleoside monophosphate phosphorylation"
"1265","astral microtubule organization"
"1266","skin morphogenesis"
"1267","ventricular cardiac muscle cell development"
"1268","IRES-dependent viral translational initiation"
"1269","2'-deoxyribonucleotide biosynthetic process"
"1270","regulation of cellular carbohydrate catabolic process"
"1271","aldehyde catabolic process"
"1272","deoxyribose phosphate biosynthetic process"
"1273","regulation of ventricular cardiac muscle cell action potential"
"1274","positive regulation by host of viral process"
"1275","regulation of transcription from RNA polymerase II promoter in response to hypoxia"
"1276","cellular response to aldehyde"
"1277","cellular response to antibiotic"
"1278","protein localization to nucleoplasm"
"1279","ventricular cardiac muscle cell differentiation"
"1280","response to interleukin-7"
"1281","cellular response to interleukin-7"
"1282","intestinal lipid absorption"
"1283","astrocyte activation"
"1284","regulation of epidermal growth factor-activated receptor activity"
"1285","amyloid fibril formation"
"1286","cellular response to osmotic stress"
"1287","membrane protein ectodomain proteolysis"
"1288","astrocyte development"
"1289","neuroinflammatory response"
"1290","negative regulation of actin filament depolymerization"
"1291","ER-nucleus signaling pathway"
"1292","regulation of collagen metabolic process"
"1293","fibroblast migration"
"1294","regulation of endothelial cell differentiation"
"1295","regulation of extracellular matrix disassembly"
"1296","notochord development"
"1297","long-chain fatty-acyl-CoA metabolic process"
"1298","mammary gland epithelial cell proliferation"
"1299","regulation of non-canonical Wnt signaling pathway"
"1300","response to gonadotropin"
"1301","regulation of astrocyte differentiation"
"1302","negative regulation of humoral immune response"
"1303","reverse cholesterol transport"
"1304","cellular response to sterol"
"1305","fibrinolysis"
"1306","regulation of kidney development"
"1307","cellular response to estradiol stimulus"
"1308","negative regulation of smooth muscle cell migration"
"1309","positive regulation of smooth muscle cell migration"
"1310","negative regulation of epithelial cell differentiation"
"1311","regulation of morphogenesis of a branching structure"
"1312","regulation of stem cell differentiation"
"1313","regulation of pathway-restricted SMAD protein phosphorylation"
"1314","pathway-restricted SMAD protein phosphorylation"
"1315","artery morphogenesis"
"1316","SMAD protein signal transduction"
"1317","regulation of phagocytosis"
"1318","regulation of BMP signaling pathway"
"1319","cardiac muscle hypertrophy"
"1320","artery development"
"1321","striated muscle hypertrophy"
"1322","muscle hypertrophy"
"1323","chaperone cofactor-dependent protein refolding"
"1324","'de novo' posttranslational protein folding"
"1325","'de novo' protein folding"
"1326","cellular response to biotic stimulus"
"1327","regulation of transforming growth factor beta production"
"1328","transforming growth factor beta production"
"1329","positive regulation of extrinsic apoptotic signaling pathway"
"1330","platelet-derived growth factor receptor signaling pathway"
"1331","cardiac septum morphogenesis"
"1332","outflow tract morphogenesis"
"1333","muscle organ morphogenesis"
"1334","negative regulation of ERK1 and ERK2 cascade"
"1335","cardiac cell development"
"1336","regulation of Notch signaling pathway"
"1337","negative regulation of endothelial cell migration"
"1338","tumor necrosis factor-mediated signaling pathway"
"1339","cardiac septum development"
"1340","negative regulation of epithelial cell migration"
"1341","regulation of NIK/NF-kappaB signaling"
"1342","positive regulation of telomerase activity"
"1343","otic vesicle development"
"1344","embryonic camera-type eye development"
"1345","photoreceptor cell development"
"1346","dorsal/ventral pattern formation"
"1347","nucleotide-binding oligomerization domain containing signaling pathway"
"1348","nucleotide-binding domain, leucine rich repeat containing receptor signaling pathway"
"1349","regulation of axon regeneration"
"1350","androgen metabolic process"
"1351","response to arsenic-containing substance"
"1352","epidermis morphogenesis"
"1353","regulation of neuron projection regeneration"
"1354","salivary gland development"
"1355","monocyte differentiation"
"1356","positive regulation of epidermal growth factor receptor signaling pathway"
"1357","positive regulation of ERBB signaling pathway"
"1358","regulation of neuron migration"
"1359","regulation of membrane depolarization"
"1360","exocrine system development"
"1361","establishment of endothelial barrier"
"1362","regulation of cell adhesion mediated by integrin"
"1363","xenobiotic transport"
"1364","axon regeneration"
"1365","regulation of endothelial cell apoptotic process"
"1366","cytoplasmic pattern recognition receptor signaling pathway"
"1367","endothelial cell apoptotic process"
"1368","ventricular system development"
"1369","metanephros morphogenesis"
"1370","metanephric nephron development"
"1371","negative regulation of lymphocyte differentiation"
"1372","cell differentiation involved in kidney development"
"1373","nephric duct morphogenesis"
"1374","regulation of aspartic-type endopeptidase activity involved in amyloid precursor protein catabolic process"
"1375","positive regulation of flagellated sperm motility"
"1376","positive regulation of cilium-dependent cell motility"
"1377","regulation of toll-like receptor 9 signaling pathway"
"1378","positive regulation of mitochondrial calcium ion concentration"
"1379","epithelial cell differentiation involved in prostate gland development"
"1380","regulation of cellular response to osmotic stress"
"1381","negative regulation of epidermal cell differentiation"
"1382","negative regulation of epidermis development"
"1383","regulation of hydrogen peroxide-mediated programmed cell death"
"1384","positive regulation of nuclear-transcribed mRNA poly(A) tail shortening"
"1385","cell proliferation involved in metanephros development"
"1386","eyelid development in camera-type eye"
"1387","negative regulation of macrophage derived foam cell differentiation"
"1388","regulation of tau-protein kinase activity"
"1389","regulation of gonad development"
"1390","protein oxidation"
"1391","regulation of trophoblast cell migration"
"1392","progesterone metabolic process"
"1393","trophoblast cell migration"
"1394","positive regulation of striated muscle cell apoptotic process"
"1395","positive regulation of cardiac muscle cell apoptotic process"
"1396","sex determination"
"1397","response to hydroperoxide"
"1398","response to manganese ion"
"1399","smooth muscle tissue development"
"1400","cellular response to fluid shear stress"
"1401","cell proliferation involved in kidney development"
"1402","response to muscle stretch"
"1403","regulation of bicellular tight junction assembly"
"1404","cellular response to calcium ion"
"1405","positive regulation of neuron death"
"1406","negative regulation of protein kinase activity"
"1407","negative regulation of kinase activity"
"1408","regulation of neuron death"
"1409","negative regulation of protein phosphorylation"
"1410","negative regulation of phosphorylation"
"1411","response to corticosterone"
"1412","neuroepithelial cell differentiation"
"1413","regulation of collagen biosynthetic process"
"1414","collagen biosynthetic process"
"1415","cellular response to cAMP"
"1416","negative regulation of intracellular transport"
"1417","modulation of age-related behavioral decline"
"1418","protein folding in endoplasmic reticulum"
"1419","postsynaptic actin cytoskeleton organization"
"1420","negative regulation of long-term synaptic potentiation"
"1421","postsynaptic cytoskeleton organization"
"1422","negative regulation of intrinsic apoptotic signaling pathway in response to DNA damage by p53 class mediator"
"1423","negative regulation of DNA damage response, signal transduction by p53 class mediator"
"1424","adhesion of symbiont to host"
"1425","negative regulation of myeloid leukocyte differentiation"
"1426","negative regulation of peptidyl-tyrosine phosphorylation"
"1427","negative regulation of ryanodine-sensitive calcium-release channel activity"
"1428","distal tubule development"
"1429","calcium ion export across plasma membrane"
"1430","negative regulation of release of sequestered calcium ion into cytosol"
"1431","detection of molecule of bacterial origin"
"1432","venous blood vessel development"
"1433","detection of other organism"
"1434","chondrocyte proliferation"
"1435","atrioventricular valve morphogenesis"
"1436","apoptotic process involved in morphogenesis"
"1437","inclusion body assembly"
"1438","regulation of endothelial cell chemotaxis"
"1439","detection of external biotic stimulus"
"1440","atrioventricular valve development"
"1441","membrane repolarization during action potential"
"1442","regulation of monocyte chemotaxis"
"1443","regulation of mast cell activation involved in immune response"
"1444","regulation of axon extension involved in axon guidance"
"1445","transcytosis"
"1446","amyloid-beta clearance"
"1447","positive regulation of heart contraction"
"1448","positive regulation of blood circulation"
"1449","response to electrical stimulus"
"1450","positive regulation of muscle contraction"
"1451","negative regulation of carbohydrate metabolic process"
"1452","chromatin remodeling at centromere"
"1453","loop of Henle development"
"1454","positive regulation of cell cycle checkpoint"
"1455","cellular response to brain-derived neurotrophic factor stimulus"
"1456","female meiosis I"
"1457","gas homeostasis"
"1458","regulation of RNA binding"
"1459","regulation of bile acid biosynthetic process"
"1460","centriole-centriole cohesion"
"1461","regulation of bile acid metabolic process"
"1462","positive regulation of homotypic cell-cell adhesion"
"1463","negative regulation of epidermal growth factor-activated receptor activity"
"1464","cellular hyperosmotic response"
"1465","regulation of amyloid fibril formation"
"1466","regulation of endothelial cell development"
"1467","regulation of establishment of endothelial barrier"
"1468","intestinal cholesterol absorption"
"1469","protein catabolic process in the vacuole"
"1470","negative regulation of macrophage activation"
"1471","purine ribonucleoside bisphosphate metabolic process"
"1472","lipid digestion"
"1473","3'-phosphoadenosine 5'-phosphosulfate metabolic process"
"1474","positive regulation of myeloid leukocyte cytokine production involved in immune response"
"1475","labyrinthine layer morphogenesis"
"1476","peptidyl-proline hydroxylation to 4-hydroxy-L-proline"
"1477","response to laminar fluid shear stress"
"1478","peptidyl-proline hydroxylation"
"1479","response to follicle-stimulating hormone"
"1480","regulation of cellular response to heat"
"1481","negative regulation of innate immune response"
"1482","negative regulation of response to biotic stimulus"
"1483","negative regulation of cholesterol storage"
"1484","positive regulation of cholesterol metabolic process"
"1485","decidualization"
"1486","response to amine"
"1487","maternal process involved in female pregnancy"
"1488","response to osmotic stress"
"1489","positive regulation of branching involved in ureteric bud morphogenesis"
"1490","regulation of branching involved in ureteric bud morphogenesis"
"1491","positive regulation of positive chemotaxis"
"1492","regulation of positive chemotaxis"
"1493","pharyngeal system development"
"1494","peptide catabolic process"
"1495","angiogenesis involved in wound healing"
"1496","negative regulation of extrinsic apoptotic signaling pathway via death domain receptors"
"1497","salivary gland morphogenesis"
"1498","mesodermal cell differentiation"
"1499","aorta morphogenesis"
"1500","skeletal muscle fiber development"
"1501","negative regulation of endothelial cell apoptotic process"
"1502","positive regulation of cell migration involved in sprouting angiogenesis"
"1503","myotube cell development"
"1504","negative regulation of epithelial to mesenchymal transition"
"1505","positive regulation of fatty acid metabolic process"
"1506","forebrain neuron differentiation"
"1507","cellular response to alkaloid"
"1508","coronary vasculature development"
"1509","autonomic nervous system development"
"1510","positive regulation of pathway-restricted SMAD protein phosphorylation"
"1511","brown fat cell differentiation"
"1512","negative regulation of epithelial cell apoptotic process"
"1513","unsaturated fatty acid biosynthetic process"
"1514","forebrain generation of neurons"
"1515","cranial nerve development"
"1516","apoptotic cell clearance"
"1517","positive regulation of receptor-mediated endocytosis"
"1518","ovarian follicle development"
"1519","negative regulation of oxidative stress-induced cell death"
"1520","positive regulation of cytokine production"
"1521","negative regulation of viral genome replication"
"1522","regulation of viral genome replication"
"1523","negative regulation of viral process"
"1524","Sertoli cell development"
"1525","positive regulation of extrinsic apoptotic signaling pathway via death domain receptors"
"1526","regulation of RNA polymerase II regulatory region sequence-specific DNA binding"
"1527","Sertoli cell differentiation"
"1528","cytoplasmic sequestering of protein"
"1529","regulation of metallopeptidase activity"
"1530","regulation of T-helper 1 type immune response"
"1531","bicarbonate transport"
"1532","cellular response to dexamethasone stimulus"
"1533","positive regulation of macrophage activation"
"1534","hydrogen peroxide catabolic process"
"1535","positive regulation of p38MAPK cascade"
"1536","positive regulation of BMP signaling pathway"
"1537","response to progesterone"
"1538","vascular associated smooth muscle cell differentiation"
"1539","T-helper 1 type immune response"
"1540","blood vessel remodeling"
"1541","regulation of p38MAPK cascade"
"1542","regulation of transcription regulatory region DNA binding"
"1543","negative regulation of DNA binding"
"1544","sulfur compound transport"
"1545","syncytium formation by plasma membrane fusion"
"1546","p38MAPK cascade"
"1547","cell-cell fusion"
"1548","syncytium formation"
"1549","aorta development"
"1550","hydrogen peroxide metabolic process"
"1551","humoral immune response"
"1552","defense response to bacterium"
"1553","trophoblast giant cell differentiation"
"1554","positive regulation of non-canonical Wnt signaling pathway"
"1555","labyrinthine layer blood vessel development"
"1556","cell aggregation"
"1557","placenta blood vessel development"
"1558","apoptotic process involved in development"
"1559","microtubule severing"
"1560","protein localization to ciliary membrane"
"1561","otic vesicle morphogenesis"
"1562","positive regulation of smoothened signaling pathway"
"1563","positive regulation of microtubule polymerization or depolymerization"
"1564","eye photoreceptor cell differentiation"
"1565","regulation of cyclase activity"
"1566","metanephric tubule morphogenesis"
"1567","regulation of nucleotide-binding oligomerization domain containing signaling pathway"
"1568","glomerular epithelial cell differentiation"
"1569","glomerular epithelium development"
"1570","response to nitrosative stress"
"1571","cellular response to arsenic-containing substance"
"1572","protein refolding"
"1573","negative regulation of cold-induced thermogenesis"
"1574","regulation of intrinsic apoptotic signaling pathway in response to DNA damage by p53 class mediator"
"1575","alpha-beta T cell lineage commitment"
"1576","CD4-positive or CD8-positive, alpha-beta T cell lineage commitment"
"1577","establishment of monopolar cell polarity"
"1578","establishment or maintenance of monopolar cell polarity"
"1579","T cell lineage commitment"
"1580","hair follicle morphogenesis"
"1581","negative regulation of intrinsic apoptotic signaling pathway in response to DNA damage"
"1582","box C/D snoRNP assembly"
"1583","small nucleolar ribonucleoprotein complex assembly"
"1584","lateral ventricle development"
"1585","histone H2A acetylation"
"1586","response to UV-B"
"1587","viral genome replication"
"1588","regulation of viral life cycle"
"1589","regulation of viral process"
"1590","regulation of protein kinase C signaling"
"1591","response to salt"
"1592","metanephric tubule development"
"1593","metanephric epithelium development"
"1594","metanephric nephron morphogenesis"
"1595","isoprenoid biosynthetic process"
"1596","response to increased oxygen levels"
"1597","protein kinase C signaling"
"1598","cellular response to gamma radiation"
"1599","positive regulation of osteoblast proliferation"
"1600","positive regulation of ATPase activity"
"1601","regulation of ATPase activity"
"1602","cellular response to vascular endothelial growth factor stimulus"
"1603","regulation of cartilage development"
"1604","positive regulation of endothelial cell proliferation"
"1605","cartilage development"
"1606","cellular response to cadmium ion"
"1607","regulation of protein autophosphorylation"
"1608","release of cytochrome c from mitochondria"
"1609","response to cadmium ion"
"1610","osteoclast differentiation"
"1611","DNA methylation or demethylation"
"1612","apoptotic mitochondrial changes"
"1613","interleukin-1 beta production"
"1614","regulation of interleukin-1 beta production"
"1615","DNA modification"
"1616","regulation of interleukin-1-mediated signaling pathway"
"1617","adherens junction assembly"
"1618","negative regulation of collagen biosynthetic process"
"1619","negative regulation of collagen metabolic process"
"1620","regulation of mammary gland epithelial cell proliferation"
"1621","CD4-positive, alpha-beta T cell cytokine production"
"1622","negative regulation of bone remodeling"
"1623","negative regulation of tissue remodeling"
"1624","negative regulation of nucleocytoplasmic transport"
"1625","monosaccharide metabolic process"
"1626","regulation of developmental growth"
"1627","branching involved in prostate gland morphogenesis"
"1628","response to fructose"
"1629","negative regulation of neurotransmitter secretion"
"1630","regulation of peptidyl-cysteine S-nitrosylation"
"1631","protein nitrosylation"
"1632","peptidyl-cysteine S-nitrosylation"
"1633","peptidyl-cysteine modification"
"1634","regulation of cellular response to oxidative stress"
"1635","regulation of response to oxidative stress"
"1636","negative regulation of inclusion body assembly"
"1637","toll-like receptor 3 signaling pathway"
"1638","regulation of inclusion body assembly"
"1639","positive regulation of synaptic plasticity"
"1640","hypotonic response"
"1641","positive regulation of macrophage differentiation"
"1642","PERK-mediated unfolded protein response"
"1643","integrated stress response signaling"
"1644","response to lithium ion"
"1645","regulation of macrophage differentiation"
"1646","cellular response to follicle-stimulating hormone stimulus"
"1647","vascular associated smooth muscle cell development"
"1648","negative regulation of cell-cell adhesion mediated by cadherin"
"1649","somatic stem cell division"
"1650","negative regulation of hematopoietic progenitor cell differentiation"
"1651","regulation of apoptotic process involved in morphogenesis"
"1652","trigeminal nerve development"
"1653","surfactant homeostasis"
"1654","negative regulation of pathway-restricted SMAD protein phosphorylation"
"1655","regulation of apoptotic process involved in development"
"1656","hemoglobin biosynthetic process"
"1657","chemical homeostasis within a tissue"
"1658","regulation of sequestering of triglyceride"
"1659","positive regulation of cellular extravasation"
"1660","glutathione biosynthetic process"
"1661","preganglionic parasympathetic fiber development"
"1662","regulation of Wnt signaling pathway, planar cell polarity pathway"
"1663","regulation of ketone biosynthetic process"
"1664","hemoglobin metabolic process"
"1665","lipoprotein transport"
"1666","coronary vasculature morphogenesis"
"1667","cellular response to gonadotropin stimulus"
"1668","cellular response to thyroid hormone stimulus"
"1669","positive regulation of interferon-beta production"
"1670","interferon-beta production"
"1671","regulation of interferon-beta production"
"1672","positive regulation of type I interferon production"
"1673","positive regulation of cytokine production involved in immune response"
"1674","regulation of type I interferon production"
"1675","type I interferon production"
"1676","regulation of cytokine production involved in immune response"
"1677","cytokine production involved in immune response"
"1678","positive regulation of production of molecular mediator of immune response"
"1679","positive regulation of leukocyte mediated immunity"
"1680","regulation of response to cytokine stimulus"
"1681","regulation of production of molecular mediator of immune response"
"1682","pattern recognition receptor signaling pathway"
"1683","regulation of leukocyte mediated immunity"
"1684","positive regulation of immune effector process"
"1685","production of molecular mediator of immune response"
"1686","regulation of response to biotic stimulus"
"1687","regulation of immune effector process"
"1688","leukocyte mediated immunity"
"1689","immune response-regulating signaling pathway"
"1690","negative regulation of transcription from RNA polymerase II promoter in response to stress"
"1691","ER overload response"
"1692","negative regulation of peptidyl-serine phosphorylation"
"1693","dopamine biosynthetic process"
"1694","positive regulation of axon regeneration"
"1695","positive regulation of transcription from RNA polymerase II promoter in response to endoplasmic reticulum stress"
"1696","cardiac neural crest cell differentiation involved in heart development"
"1697","cardiac neural crest cell development involved in heart development"
"1698","positive regulation of neuron projection regeneration"
"1699","TRAIL-activated apoptotic signaling pathway"
"1700","positive regulation of astrocyte differentiation"
"1701","positive regulation of receptor recycling"
"1702","response to UV-A"
"1703","negative regulation of metallopeptidase activity"
"1704","sodium ion export across plasma membrane"
"1705","cytoplasmic sequestering of transcription factor"
"1706","atrial septum morphogenesis"
"1707","basement membrane assembly"
"1708","positive regulation of exosomal secretion"
"1709","positive regulation of endothelial cell chemotaxis"
"1710","hepatocyte differentiation"
"1711","hepatocyte apoptotic process"
"1712","sulfate transmembrane transport"
"1713","regulation of exosomal secretion"
"1714","sulfate transport"
"1715","negative regulation of focal adhesion assembly"
"1716","mammary gland alveolus development"
"1717","mammary gland lobule development"
"1718","metanephric nephron tubule development"
"1719","negative regulation of cell-substrate junction organization"
"1720","pulmonary valve development"
"1721","semi-lunar valve development"
"1722","antibacterial humoral response"
"1723","heart valve development"
"1724","positive regulation of phosphatidylinositol 3-kinase signaling"
"1725","neutrophil chemotaxis"
"1726","regulation of phosphatidylinositol 3-kinase signaling"
"1727","neutrophil migration"
"1728","granulocyte chemotaxis"
"1729","phosphatidylinositol 3-kinase signaling"
"1730","granulocyte migration"
"1731","ventricular trabecula myocardium morphogenesis"
"1732","smoothened signaling pathway involved in dorsal/ventral neural tube patterning"
"1733","embryonic brain development"
"1734","left/right axis specification"
"1735","negative regulation of cilium assembly"
"1736","regulation of protein complex stability"
"1737","positive regulation of developmental growth"
"1738","positive regulation of pattern recognition receptor signaling pathway"
"1739","regulation of pattern recognition receptor signaling pathway"
"1740","positive regulation of T cell differentiation in thymus"
"1741","glial cell-derived neurotrophic factor receptor signaling pathway"
"1742","establishment or maintenance of transmembrane electrochemical gradient"
"1743","regulation of gamma-delta T cell activation"
"1744","UTP biosynthetic process"
"1745","GTP biosynthetic process"
"1746","UTP metabolic process"
"1747","CTP biosynthetic process"
"1748","pyrimidine ribonucleoside triphosphate biosynthetic process"
"1749","metanephric mesenchyme development"
"1750","CTP metabolic process"
"1751","tripartite regional subdivision"
"1752","anterior/posterior axis specification, embryo"
"1753","pyrimidine ribonucleoside triphosphate metabolic process"
"1754","pyrimidine nucleoside triphosphate biosynthetic process"
"1755","kidney mesenchyme development"
"1756","mesenchymal to epithelial transition"
"1757","renal filtration cell differentiation"
"1758","glomerular visceral epithelial cell differentiation"
"1759","blastoderm segmentation"
"1760","pyrimidine ribonucleotide biosynthetic process"
"1761","pyrimidine nucleoside triphosphate metabolic process"
"1762","ether metabolic process"
"1763","pyrimidine ribonucleotide metabolic process"
"1764","pyrimidine nucleotide biosynthetic process"
"1765","pyrimidine-containing compound biosynthetic process"
"1766","embryonic axis specification"
"1767","binding of sperm to zona pellucida"
"1768","positive regulation of heart growth"
"1769","epithelial cell differentiation involved in kidney development"
"1770","sperm-egg recognition"
"1771","pyrimidine nucleotide metabolic process"
"1772","anterior/posterior axis specification"
"1773","positive regulation of organ growth"
"1774","arachidonic acid metabolic process"
"1775","embryonic pattern specification"
"1776","cell-cell recognition"
"1777","nucleoside monophosphate metabolic process"
"1778","regulation of heart growth"
"1779","pyrimidine-containing compound metabolic process"
"1780","segmentation"
"1781","heart growth"
"1782","regulation of organ growth"
"1783","xenobiotic metabolic process"
"1784","long-chain fatty acid metabolic process"
"1785","unsaturated fatty acid metabolic process"
"1786","induction of positive chemotaxis"
"1787","negative regulation of cell adhesion molecule production"
"1788","regulation of single stranded viral RNA replication via double stranded DNA intermediate"
"1789","single stranded viral RNA replication via double stranded DNA intermediate"
"1790","regulation of cell adhesion molecule production"
"1791","positive regulation of neutrophil chemotaxis"
"1792","cell adhesion molecule production"
"1793","positive regulation of granulocyte chemotaxis"
"1794","positive regulation of neutrophil migration"
"1795","embryonic digestive tract development"
"1796","regulation of neutrophil chemotaxis"
"1797","viral RNA genome replication"
"1798","neutrophil activation"
"1799","regulation of neutrophil migration"
"1800","granulocyte activation"
"1801","modulation by symbiont of entry into host"
"1802","regulation of granulocyte chemotaxis"
"1803","negative regulation of G protein-coupled receptor signaling pathway"
"1804","regulation of biological process involved in symbiotic interaction"
"1805","chemokine-mediated signaling pathway"
"1806","positive regulation of leukocyte chemotaxis"
"1807","response to chemokine"
"1808","cellular response to chemokine"
"1809","regulation of leukocyte chemotaxis"
"1810","regulation of G protein-coupled receptor signaling pathway"
"1811","single fertilization"
"1812","fertilization"
"1813","calcium-mediated signaling"
"1814","cellular response to lipopolysaccharide"
"1815","myeloid leukocyte migration"
"1816","cellular response to molecule of bacterial origin"
"1817","cell recognition"
"1818","leukocyte chemotaxis"
"1819","cell chemotaxis"
"1820","vagina development"
"1821","genitalia morphogenesis"
"1822","heart trabecula formation"
"1823","female genitalia development"
"1824","cellular response to ethanol"
"1825","vitamin transmembrane transport"
"1826","uterus development"
"1827","negative regulation of cardiac muscle cell proliferation"
"1828","maintenance of gastrointestinal epithelium"
"1829","trabecula formation"
"1830","positive regulation of dendrite extension"
"1831","regulation of dendrite extension"
"1832","epithelial structure maintenance"
"1833","heart trabecula morphogenesis"
"1834","negative regulation of cardiac muscle tissue growth"
"1835","negative regulation of heart growth"
"1836","dendrite extension"
"1837","negative regulation of organ growth"
"1838","trabecula morphogenesis"
"1839","genitalia development"
"1840","vitamin transport"
"1841","positive regulation of immunoglobulin production"
"1842","regulation of cardiac muscle cell proliferation"
"1843","bile acid secretion"
"1844","medium-chain fatty acid metabolic process"
"1845","cellular response to cholesterol"
"1846","positive regulation of cholesterol efflux"
"1847","intracellular sterol transport"
"1848","intracellular cholesterol transport"
"1849","positive regulation of steroid metabolic process"
"1850","response to cholesterol"
"1851","regulation of cholesterol metabolic process"
"1852","response to sterol"
"1853","positive regulation of sterol transport"
"1854","positive regulation of cholesterol transport"
"1855","intracellular lipid transport"
"1856","acid secretion"
"1857","regulation of cholesterol efflux"
"1858","negative regulation of lipid localization"
"1859","cholesterol efflux"
"1860","regulation of sterol transport"
"1861","regulation of cholesterol transport"
"1862","positive regulation of lipid transport"
"1863","regulation of anion transport"
"1864","cellular response to alcohol"
"1865","cholesterol homeostasis"
"1866","sterol homeostasis"
"1867","cholesterol transport"
"1868","sterol transport"
"1869","regulation of cellular ketone metabolic process"
"1870","regulation of lipid transport"
"1871","positive regulation of lipid metabolic process"
"1872","lipid homeostasis"
"1873","cytosolic transport"
"1874","regulation of lipid localization"
"1875","carboxylic acid transport"
"1876","organic hydroxy compound transport"
"1877","carboxylic acid biosynthetic process"
"1878","organic acid biosynthetic process"
"1879","lipid catabolic process"
"1880","lung secretory cell differentiation"
"1881","regulation of transcription from RNA polymerase II promoter in response to oxidative stress"
"1882","bronchus development"
"1883","regulation of PERK-mediated unfolded protein response"
"1884","mucus secretion"
"1885","positive regulation of endoplasmic reticulum unfolded protein response"
"1886","norepinephrine metabolic process"
"1887","regulation of IRE1-mediated unfolded protein response"
"1888","IRE1-mediated unfolded protein response"
"1889","response to nitric oxide"
"1890","negative regulation of hydrogen peroxide-induced cell death"
"1891","glycerol ether metabolic process"
"1892","negative regulation of response to reactive oxygen species"
"1893","lung epithelial cell differentiation"
"1894","lung cell differentiation"
"1895","positive regulation of dendritic cell cytokine production"
"1896","cellular response to interferon-alpha"
"1897","toll-like receptor 7 signaling pathway"
"1898","T-helper 2 cell cytokine production"
"1899","regulation of T-helper 2 cell cytokine production"
"1900","regulation of dendritic cell cytokine production"
"1901","positive regulation of granulocyte macrophage colony-stimulating factor production"
"1902","antiviral innate immune response"
"1903","dendritic cell cytokine production"
"1904","positive regulation of type 2 immune response"
"1905","granulocyte macrophage colony-stimulating factor production"
"1906","regulation of granulocyte macrophage colony-stimulating factor production"
"1907","toll-like receptor 9 signaling pathway"
"1908","cellular response to exogenous dsRNA"
"1909","positive regulation of myeloid leukocyte mediated immunity"
"1910","negative regulation of type I interferon-mediated signaling pathway"
"1911","response to interferon-alpha"
"1912","positive regulation of interferon-alpha production"
"1913","cellular response to dsRNA"
"1914","positive regulation of T cell cytokine production"
"1915","RIG-I signaling pathway"
"1916","interferon-alpha production"
"1917","regulation of interferon-alpha production"
"1918","positive regulation of toll-like receptor signaling pathway"
"1919","negative regulation of epidermal growth factor receptor signaling pathway"
"1920","myeloid leukocyte cytokine production"
"1921","positive regulation of defense response to virus by host"
"1922","regulation of type 2 immune response"
"1923","negative regulation of protein tyrosine kinase activity"
"1924","negative regulation of ERBB signaling pathway"
"1925","positive regulation of erythrocyte differentiation"
"1926","cytoplasmic pattern recognition receptor signaling pathway in response to virus"
"1927","type 2 immune response"
"1928","regulation of type I interferon-mediated signaling pathway"
"1929","T cell cytokine production"
"1930","regulation of T cell cytokine production"
"1931","positive regulation of bone mineralization"
"1932","positive regulation of interleukin-10 production"
"1933","regulation of defense response to virus by host"
"1934","regulation of erythrocyte differentiation"
"1935","response to exogenous dsRNA"
"1936","positive regulation of ossification"
"1937","positive regulation of biomineral tissue development"
"1938","type I interferon signaling pathway"
"1939","positive regulation of biomineralization"
"1940","cellular response to type I interferon"
"1941","response to dsRNA"
"1942","positive regulation of T cell mediated immunity"
"1943","regulation of myeloid leukocyte mediated immunity"
"1944","positive regulation of response to cytokine stimulus"
"1945","response to type I interferon"
"1946","interleukin-10 production"
"1947","regulation of interleukin-10 production"
"1948","positive regulation of interleukin-8 production"
"1949","negative regulation of signaling receptor activity"
"1950","regulation of defense response to virus"
"1951","positive regulation of interferon-gamma production"
"1952","negative regulation of protein secretion"
"1953","regulation of epidermal growth factor receptor signaling pathway"
"1954","regulation of toll-like receptor signaling pathway"
"1955","regulation of ERBB signaling pathway"
"1956","negative regulation of cytokine-mediated signaling pathway"
"1957","CD4-positive, alpha-beta T cell differentiation"
"1958","cellular response to virus"
"1959","regulation of T cell mediated immunity"
"1960","negative regulation of response to cytokine stimulus"
"1961","positive regulation of interleukin-6 production"
"1962","regulation of biomineral tissue development"
"1963","myeloid leukocyte mediated immunity"
"1964","regulation of biomineralization"
"1965","regulation of interleukin-8 production"
"1966","CD4-positive, alpha-beta T cell activation"
"1967","interleukin-8 production"
"1968","positive regulation of tumor necrosis factor production"
"1969","positive regulation of adaptive immune response based on somatic recombination of immune receptors built from immunoglobulin superfamily domains"
"1970","positive regulation of tumor necrosis factor superfamily cytokine production"
"1971","positive regulation of adaptive immune response"
"1972","interferon-gamma production"
"1973","regulation of interferon-gamma production"
"1974","alpha-beta T cell differentiation"
"1975","positive regulation of lymphocyte mediated immunity"
"1976","regulation of ossification"
"1977","protein localization to mitochondrion"
"1978","negative regulation of protein transport"
"1979","negative regulation of establishment of protein localization"
"1980","blood coagulation, fibrin clot formation"
"1981","response to bacterial lipoprotein"
"1982","negative regulation of transforming growth factor beta production"
"1983","protein activation cascade"
"1984","detection of bacterium"
"1985","substrate-dependent cell migration"
"1986","integrin activation"
"1987","peptide cross-linking"
"1988","detection of biotic stimulus"
"1989","acute-phase response"
"1990","neural crest cell migration"
"1991","defense response to Gram-negative bacterium"
"1992","biological process involved in interaction with symbiont"
"1993","defense response to Gram-positive bacterium"
"1994","acute inflammatory response"
"1995","platelet activation"
"1996","trophectodermal cell differentiation"
"1997","chaperone-mediated protein complex assembly"
"1998","regulation of endoplasmic reticulum unfolded protein response"
"1999","positive regulation of response to endoplasmic reticulum stress"
"2000","cardiac conduction system development"
"2001","skeletal muscle tissue regeneration"
"2002","blastocyst formation"
"2003","secretion by tissue"
"2004","positive regulation of striated muscle cell differentiation"
"2005","positive regulation of protein localization to plasma membrane"
"2006","tissue regeneration"
"2007","positive regulation of muscle cell differentiation"
"2008","histone deacetylation"
"2009","regulation of response to endoplasmic reticulum stress"
"2010","body fluid secretion"
"2011","regulation of striated muscle cell differentiation"
"2012","protein deacetylation"
"2013","blastocyst development"
"2014","protein deacylation"
"2015","macromolecule deacylation"
"2016","regulation of muscle cell differentiation"
"2017","cardiac muscle tissue development"
"2018","positive regulation of RIG-I signaling pathway"
"2019","regulation of RIG-I signaling pathway"
"2020","regulation of nuclease activity"
"2021","regulation of viral-induced cytoplasmic pattern recognition receptor signaling pathway"
